Project Name,Package Name,Type Name,NOF,NOPF,NOM,NOPM,LOC,WMC,NC,DIT,LCOM,FANIN,FANOUT,File path,Line no
assignment-3,com.slimtrade,App,21,14,13,9,228,35,0,0,0.0,26,25,C:\Users\19727\csci3130\assignment-3\SlimTrade\src\main\java\com\slimtrade\App.java,44
assignment-3,com.slimtrade.core.audio,Sound,4,2,6,6,61,16,0,0,0.0,8,1,C:\Users\19727\csci3130\assignment-3\SlimTrade\src\main\java\com\slimtrade\core\audio\Sound.java,10
assignment-3,com.slimtrade.core.audio,Sound.SoundType,0,0,0,0,1,0,0,0,-1.0,0,0,C:\Users\19727\csci3130\assignment-3\SlimTrade\src\main\java\com\slimtrade\core\audio\Sound.java,12
assignment-3,com.slimtrade.core.audio,SoundComponent,2,2,1,1,8,1,0,0,0.0,5,1,C:\Users\19727\csci3130\assignment-3\SlimTrade\src\main\java\com\slimtrade\core\audio\SoundComponent.java,3
assignment-3,com.slimtrade.core.chatparser,ChatParser,15,1,23,19,229,74,0,1,0.13043478260869565,2,17,C:\Users\19727\csci3130\assignment-3\SlimTrade\src\main\java\com\slimtrade\core\chatparser\ChatParser.java,20
assignment-3,com.slimtrade.core.chatparser,IChatScannerListener,0,0,1,0,3,1,1,0,-1.0,1,2,C:\Users\19727\csci3130\assignment-3\SlimTrade\src\main\java\com\slimtrade\core\chatparser\IChatScannerListener.java,6
assignment-3,com.slimtrade.core.chatparser,IDndListener,0,0,1,0,3,1,2,0,-1.0,1,0,C:\Users\19727\csci3130\assignment-3\SlimTrade\src\main\java\com\slimtrade\core\chatparser\IDndListener.java,3
assignment-3,com.slimtrade.core.chatparser,IJoinedAreaListener,0,0,1,0,3,1,1,0,-1.0,1,0,C:\Users\19727\csci3130\assignment-3\SlimTrade\src\main\java\com\slimtrade\core\chatparser\IJoinedAreaListener.java,3
assignment-3,com.slimtrade.core.chatparser,IParserInitListener,0,0,1,0,3,1,1,0,-1.0,1,0,C:\Users\19727\csci3130\assignment-3\SlimTrade\src\main\java\com\slimtrade\core\chatparser\IParserInitListener.java,3
assignment-3,com.slimtrade.core.chatparser,IParserLoadedListener,0,0,1,0,3,1,4,0,-1.0,1,0,C:\Users\19727\csci3130\assignment-3\SlimTrade\src\main\java\com\slimtrade\core\chatparser\IParserLoadedListener.java,3
assignment-3,com.slimtrade.core.chatparser,IPreloadTradeListener,0,0,1,0,3,1,1,0,-1.0,1,1,C:\Users\19727\csci3130\assignment-3\SlimTrade\src\main\java\com\slimtrade\core\chatparser\IPreloadTradeListener.java,5
assignment-3,com.slimtrade.core.chatparser,ITradeListener,0,0,1,0,3,1,2,0,-1.0,1,1,C:\Users\19727\csci3130\assignment-3\SlimTrade\src\main\java\com\slimtrade\core\chatparser\ITradeListener.java,5
assignment-3,com.slimtrade.core,CommonText,3,3,0,0,5,0,0,0,-1.0,3,0,C:\Users\19727\csci3130\assignment-3\SlimTrade\src\main\java\com\slimtrade\core\CommonText.java,3
assignment-3,com.slimtrade.core,References,22,22,0,0,24,0,0,0,-1.0,13,0,C:\Users\19727\csci3130\assignment-3\SlimTrade\src\main\java\com\slimtrade\core\References.java,6
assignment-3,com.slimtrade.core.data,CheatSheetData,4,2,5,4,37,10,0,0,0.0,4,1,C:\Users\19727\csci3130\assignment-3\SlimTrade\src\main\java\com\slimtrade\core\data\CheatSheetData.java,5
assignment-3,com.slimtrade.core.data,FontLanguageSupport,5,5,1,1,17,1,0,0,0.0,1,1,C:\Users\19727\csci3130\assignment-3\SlimTrade\src\main\java\com\slimtrade\core\data\FontLanguageSupport.java,7
assignment-3,com.slimtrade.core.data,IgnoreItemData,7,4,5,5,37,9,0,0,0.0,5,2,C:\Users\19727\csci3130\assignment-3\SlimTrade\src\main\java\com\slimtrade\core\data\IgnoreItemData.java,8
assignment-3,com.slimtrade.core.data,ListPanel,2,2,2,2,11,2,0,0,0.0,0,0,C:\Users\19727\csci3130\assignment-3\SlimTrade\src\main\java\com\slimtrade\core\data\ListPanel.java,3
assignment-3,com.slimtrade.core.data,PasteReplacement,6,6,2,2,24,2,0,0,0.0,6,0,C:\Users\19727\csci3130\assignment-3\SlimTrade\src\main\java\com\slimtrade\core\data\PasteReplacement.java,3
assignment-3,com.slimtrade.core.data,PatchNotesEntry,3,2,3,3,16,4,0,0,0.0,1,1,C:\Users\19727\csci3130\assignment-3\SlimTrade\src\main\java\com\slimtrade\core\data\PatchNotesEntry.java,5
assignment-3,com.slimtrade.core.data,PlayerMessage,3,2,2,2,13,2,0,0,0.0,4,0,C:\Users\19727\csci3130\assignment-3\SlimTrade\src\main\java\com\slimtrade\core\data\PlayerMessage.java,3
assignment-3,com.slimtrade.core.data,PriceThresholdData,3,3,2,2,13,2,0,0,0.0,1,2,C:\Users\19727\csci3130\assignment-3\SlimTrade\src\main\java\com\slimtrade\core\data\PriceThresholdData.java,6
assignment-3,com.slimtrade.core.data,SaleItem,3,3,3,3,58,10,0,0,1.0,4,1,C:\Users\19727\csci3130\assignment-3\SlimTrade\src\main\java\com\slimtrade\core\data\SaleItem.java,7
assignment-3,com.slimtrade.core.data,SaleItemWrapper,1,1,1,1,9,1,0,0,0.0,1,0,C:\Users\19727\csci3130\assignment-3\SlimTrade\src\main\java\com\slimtrade\core\data\SaleItemWrapper.java,5
assignment-3,com.slimtrade.core.data,StashTabData,4,4,1,1,12,1,0,0,0.0,1,2,C:\Users\19727\csci3130\assignment-3\SlimTrade\src\main\java\com\slimtrade\core\data\StashTabData.java,6
assignment-3,com.slimtrade.core.enums,Anchor,1,0,0,0,8,0,0,0,-1.0,8,0,C:\Users\19727\csci3130\assignment-3\SlimTrade\src\main\java\com\slimtrade\core\enums\Anchor.java,5
assignment-3,com.slimtrade.core.enums,AppState,0,0,0,0,1,0,0,0,-1.0,9,0,C:\Users\19727\csci3130\assignment-3\SlimTrade\src\main\java\com\slimtrade\core\enums\AppState.java,3
assignment-3,com.slimtrade.core.enums,BaseIcon,0,0,0,0,2,0,0,0,-1.0,0,0,C:\Users\19727\csci3130\assignment-3\SlimTrade\src\main\java\com\slimtrade\core\enums\BaseIcon.java,3
assignment-3,com.slimtrade.core.enums,ButtonRow,0,0,0,0,4,0,0,0,-1.0,6,0,C:\Users\19727\csci3130\assignment-3\SlimTrade\src\main\java\com\slimtrade\core\enums\ButtonRow.java,5
assignment-3,com.slimtrade.core.enums,CommonCurrency,1,0,0,0,14,0,0,0,-1.0,0,0,C:\Users\19727\csci3130\assignment-3\SlimTrade\src\main\java\com\slimtrade\core\enums\CommonCurrency.java,5
assignment-3,com.slimtrade.core.enums,CurrencyType,5,2,11,7,107,20,0,1,0.0,8,1,C:\Users\19727\csci3130\assignment-3\SlimTrade\src\main\java\com\slimtrade\core\enums\CurrencyType.java,11
assignment-3,com.slimtrade.core.enums,CustomIcon,1,0,0,0,8,0,0,1,-1.0,5,0,C:\Users\19727\csci3130\assignment-3\SlimTrade\src\main\java\com\slimtrade\core\enums\CustomIcon.java,5
assignment-3,com.slimtrade.core.enums,DateFormat,2,0,0,0,13,0,0,0,-1.0,4,0,C:\Users\19727\csci3130\assignment-3\SlimTrade\src\main\java\com\slimtrade\core\enums\DateFormat.java,3
assignment-3,com.slimtrade.core.enums,DefaultIcon,1,0,0,0,8,0,0,1,-1.0,15,0,C:\Users\19727\csci3130\assignment-3\SlimTrade\src\main\java\com\slimtrade\core\enums\DefaultIcon.java,5
assignment-3,com.slimtrade.core.enums,ExpandDirection,1,0,0,0,8,0,0,0,-1.0,8,0,C:\Users\19727\csci3130\assignment-3\SlimTrade\src\main\java\com\slimtrade\core\enums\ExpandDirection.java,5
assignment-3,com.slimtrade.core.enums,FontLanguage,0,0,0,0,1,0,0,0,-1.0,2,0,C:\Users\19727\csci3130\assignment-3\SlimTrade\src\main\java\com\slimtrade\core\enums\FontLanguage.java,3
assignment-3,com.slimtrade.core.enums,HistoryOrder,1,0,0,0,8,0,0,0,-1.0,5,0,C:\Users\19727\csci3130\assignment-3\SlimTrade\src\main\java\com\slimtrade\core\enums\HistoryOrder.java,5
assignment-3,com.slimtrade.core.enums,MacroButtonType,1,0,0,0,8,0,0,0,-1.0,3,0,C:\Users\19727\csci3130\assignment-3\SlimTrade\src\main\java\com\slimtrade\core\enums\MacroButtonType.java,5
assignment-3,com.slimtrade.core.enums,MatchType,1,0,0,0,8,0,0,0,-1.0,11,0,C:\Users\19727\csci3130\assignment-3\SlimTrade\src\main\java\com\slimtrade\core\enums\MatchType.java,5
assignment-3,com.slimtrade.core.enums,MenubarStyle,1,0,0,0,8,0,0,0,-1.0,1,0,C:\Users\19727\csci3130\assignment-3\SlimTrade\src\main\java\com\slimtrade\core\enums\MenubarStyle.java,5
assignment-3,com.slimtrade.core.enums,SetupPhase,0,0,0,0,1,0,0,0,-1.0,1,0,C:\Users\19727\csci3130\assignment-3\SlimTrade\src\main\java\com\slimtrade\core\enums\SetupPhase.java,3
assignment-3,com.slimtrade.core.enums,SliderRange,3,3,0,0,9,0,0,0,-1.0,7,0,C:\Users\19727\csci3130\assignment-3\SlimTrade\src\main\java\com\slimtrade\core\enums\SliderRange.java,3
assignment-3,com.slimtrade.core.enums,SpinnerRange,4,4,0,0,11,0,0,0,-1.0,6,0,C:\Users\19727\csci3130\assignment-3\SlimTrade\src\main\java\com\slimtrade\core\enums\SpinnerRange.java,3
assignment-3,com.slimtrade.core.enums,SpinnerRangeFloat,4,4,0,0,11,0,0,0,-1.0,3,0,C:\Users\19727\csci3130\assignment-3\SlimTrade\src\main\java\com\slimtrade\core\enums\SpinnerRangeFloat.java,3
assignment-3,com.slimtrade.core.enums,StashTabColor,2,0,0,0,25,0,0,0,-1.0,4,1,C:\Users\19727\csci3130\assignment-3\SlimTrade\src\main\java\com\slimtrade\core\enums\StashTabColor.java,7
assignment-3,com.slimtrade.core.enums,ThemeColors,9,7,0,0,24,0,0,0,-1.0,0,0,C:\Users\19727\csci3130\assignment-3\SlimTrade\src\main\java\com\slimtrade\core\enums\ThemeColors.java,5
assignment-3,com.slimtrade.core.enums,TimeFormat,2,0,0,0,13,0,0,0,-1.0,3,0,C:\Users\19727\csci3130\assignment-3\SlimTrade\src\main\java\com\slimtrade\core\enums\TimeFormat.java,3
assignment-3,com.slimtrade.core.hotkeys,ChangeMessageTabHotkey,1,0,2,2,12,2,0,1,0.0,0,1,C:\Users\19727\csci3130\assignment-3\SlimTrade\src\main\java\com\slimtrade\core\hotkeys\ChangeMessageTabHotkey.java,7
assignment-3,com.slimtrade.core.hotkeys,HotkeyData,2,2,4,4,32,8,0,0,0.0,13,0,C:\Users\19727\csci3130\assignment-3\SlimTrade\src\main\java\com\slimtrade\core\hotkeys\HotkeyData.java,5
assignment-3,com.slimtrade.core.hotkeys,IHotkeyAction,0,0,1,0,6,1,6,0,-1.0,2,0,C:\Users\19727\csci3130\assignment-3\SlimTrade\src\main\java\com\slimtrade\core\hotkeys\IHotkeyAction.java,3
assignment-3,com.slimtrade.core.hotkeys,NotificationPanelHotkey,3,0,2,2,17,2,0,1,0.0,0,4,C:\Users\19727\csci3130\assignment-3\SlimTrade\src\main\java\com\slimtrade\core\hotkeys\NotificationPanelHotkey.java,10
assignment-3,com.slimtrade.core.hotkeys,PoeCommandHotkey,1,0,2,2,13,3,0,1,0.0,0,1,C:\Users\19727\csci3130\assignment-3\SlimTrade\src\main\java\com\slimtrade\core\hotkeys\PoeCommandHotkey.java,5
assignment-3,com.slimtrade.core.hotkeys,SearchWindowHotkey,1,0,2,2,17,4,0,1,0.0,0,1,C:\Users\19727\csci3130\assignment-3\SlimTrade\src\main\java\com\slimtrade\core\hotkeys\SearchWindowHotkey.java,8
assignment-3,com.slimtrade.core.hotkeys,SwingActionHotkey,1,0,2,2,12,2,0,1,0.0,0,0,C:\Users\19727\csci3130\assignment-3\SlimTrade\src\main\java\com\slimtrade\core\hotkeys\SwingActionHotkey.java,5
assignment-3,com.slimtrade.core.hotkeys,WindowHotkey,1,0,2,2,12,2,0,1,0.0,0,1,C:\Users\19727\csci3130\assignment-3\SlimTrade\src\main\java\com\slimtrade\core\hotkeys\WindowHotkey.java,7
assignment-3,com.slimtrade.core.jna,GlobalKeyboardListener,5,0,9,9,74,21,0,0,0.2222222222222222,1,3,C:\Users\19727\csci3130\assignment-3\SlimTrade\src\main\java\com\slimtrade\core\jna\GlobalKeyboardListener.java,9
assignment-3,com.slimtrade.core.jna,GlobalMouseListener,0,0,5,5,22,7,0,0,-1.0,1,5,C:\Users\19727\csci3130\assignment-3\SlimTrade\src\main\java\com\slimtrade\core\jna\GlobalMouseListener.java,13
assignment-3,com.slimtrade.core.language,Range,2,2,2,2,12,3,0,0,0.0,1,0,C:\Users\19727\csci3130\assignment-3\SlimTrade\src\main\java\com\slimtrade\core\language\Range.java,3
assignment-3,com.slimtrade.core.language,UnicodeRange,7,6,5,5,52,10,0,0,0.4,1,2,C:\Users\19727\csci3130\assignment-3\SlimTrade\src\main\java\com\slimtrade\core\language\UnicodeRange.java,7
assignment-3,com.slimtrade.core.managers,AudioManager,10,3,17,11,191,36,0,0,0.17647058823529413,7,4,C:\Users\19727\csci3130\assignment-3\SlimTrade\src\main\java\com\slimtrade\core\managers\AudioManager.java,16
assignment-3,com.slimtrade.core.managers,FontManager,16,8,11,8,113,34,0,0,0.18181818181818182,6,4,C:\Users\19727\csci3130\assignment-3\SlimTrade\src\main\java\com\slimtrade\core\managers\FontManager.java,15
assignment-3,com.slimtrade.core.managers,LockManager,5,0,3,3,43,11,0,0,0.0,1,1,C:\Users\19727\csci3130\assignment-3\SlimTrade\src\main\java\com\slimtrade\core\managers\LockManager.java,12
assignment-3,com.slimtrade.core.managers,QuickPasteManager,4,0,8,4,0,24,0,0,0.25,0,5,C:\Users\19727\csci3130\assignment-3\SlimTrade\src\main\java\com\slimtrade\core\managers\QuickPasteManager.java,16
assignment-3,com.slimtrade.core.managers,QuickPasteManager.QuickPasteMode,0,0,0,0,4,0,0,0,-1.0,0,0,C:\Users\19727\csci3130\assignment-3\SlimTrade\src\main\java\com\slimtrade\core\managers\QuickPasteManager.java,25
assignment-3,com.slimtrade.core.managers,SaveManager,17,10,9,7,113,22,0,0,0.3333333333333333,67,5,C:\Users\19727\csci3130\assignment-3\SlimTrade\src\main\java\com\slimtrade\core\managers\SaveManager.java,15
assignment-3,com.slimtrade.core.saving.legacy,ISavePatcher,1,0,5,0,8,5,6,0,-1.0,1,0,C:\Users\19727\csci3130\assignment-3\SlimTrade\src\main\java\com\slimtrade\core\saving\legacy\ISavePatcher.java,3
assignment-3,com.slimtrade.core.saving.legacy,SaveFilePatcherManager,2,1,5,3,94,22,0,0,0.6,3,2,C:\Users\19727\csci3130\assignment-3\SlimTrade\src\main\java\com\slimtrade\core\saving\legacy\SaveFilePatcherManager.java,16
assignment-3,com.slimtrade.core.saving.legacy.patcher,PatcherOverlay0to1,1,0,5,5,39,10,0,1,0.8,0,4,C:\Users\19727\csci3130\assignment-3\SlimTrade\src\main\java\com\slimtrade\core\saving\legacy\patcher\PatcherOverlay0to1.java,11
assignment-3,com.slimtrade.core.saving.legacy.patcher,PatcherScanner0to1,1,0,5,5,29,7,0,1,0.8,0,3,C:\Users\19727\csci3130\assignment-3\SlimTrade\src\main\java\com\slimtrade\core\saving\legacy\patcher\PatcherScanner0to1.java,11
assignment-3,com.slimtrade.core.saving.legacy.patcher,PatcherScanner1to2,0,0,5,5,23,7,0,1,-1.0,0,1,C:\Users\19727\csci3130\assignment-3\SlimTrade\src\main\java\com\slimtrade\core\saving\legacy\patcher\PatcherScanner1to2.java,8
assignment-3,com.slimtrade.core.saving.legacy.patcher,PatcherSettings0to1,1,0,6,5,67,15,0,1,0.6666666666666666,0,6,C:\Users\19727\csci3130\assignment-3\SlimTrade\src\main\java\com\slimtrade\core\saving\legacy\patcher\PatcherSettings0to1.java,18
assignment-3,com.slimtrade.core.saving.legacy.patcher,PatcherSettings1to2,0,0,5,5,25,7,0,1,-1.0,0,1,C:\Users\19727\csci3130\assignment-3\SlimTrade\src\main\java\com\slimtrade\core\saving\legacy\patcher\PatcherSettings1to2.java,7
assignment-3,com.slimtrade.core.saving.legacy.patcher,PatcherStash0to1,1,0,5,5,26,6,0,1,0.8,0,3,C:\Users\19727\csci3130\assignment-3\SlimTrade\src\main\java\com\slimtrade\core\saving\legacy\patcher\PatcherStash0to1.java,10
assignment-3,com.slimtrade.core.saving.legacy.savefiles,LegacyOverlaySave0,15,15,3,1,25,3,0,1,1.0,1,2,C:\Users\19727\csci3130\assignment-3\SlimTrade\src\main\java\com\slimtrade\core\saving\legacy\savefiles\LegacyOverlaySave0.java,9
assignment-3,com.slimtrade.core.saving.legacy.savefiles,LegacyOverlaySave0.LegacyExpandDirection,1,1,0,0,5,0,0,0,-1.0,0,1,C:\Users\19727\csci3130\assignment-3\SlimTrade\src\main\java\com\slimtrade\core\saving\legacy\savefiles\LegacyOverlaySave0.java,30
assignment-3,com.slimtrade.core.saving.legacy.savefiles,LegacyOverlaySave0.LegacyMenubarButtonLocation,1,1,0,0,5,0,0,0,-1.0,0,1,C:\Users\19727\csci3130\assignment-3\SlimTrade\src\main\java\com\slimtrade\core\saving\legacy\savefiles\LegacyOverlaySave0.java,41
assignment-3,com.slimtrade.core.saving.legacy.savefiles,LegacyScannerSave0,5,5,1,1,19,1,0,1,0.0,1,1,C:\Users\19727\csci3130\assignment-3\SlimTrade\src\main\java\com\slimtrade\core\saving\legacy\savefiles\LegacyScannerSave0.java,9
assignment-3,com.slimtrade.core.saving.legacy.savefiles,LegacyScannerSave0.LegacyScannerMessage,4,4,0,0,13,0,0,0,-1.0,0,1,C:\Users\19727\csci3130\assignment-3\SlimTrade\src\main\java\com\slimtrade\core\saving\legacy\savefiles\LegacyScannerSave0.java,18
assignment-3,com.slimtrade.core.saving.legacy.savefiles,LegacySettingsSave0,71,70,8,2,146,8,0,1,0.875,3,10,C:\Users\19727\csci3130\assignment-3\SlimTrade\src\main\java\com\slimtrade\core\saving\legacy\savefiles\LegacySettingsSave0.java,22
assignment-3,com.slimtrade.core.saving.legacy.savefiles,LegacySettingsSave0.LegacyCheatSheetData,3,3,0,0,11,0,0,0,-1.0,0,1,C:\Users\19727\csci3130\assignment-3\SlimTrade\src\main\java\com\slimtrade\core\saving\legacy\savefiles\LegacySettingsSave0.java,120
assignment-3,com.slimtrade.core.saving.legacy.savefiles,LegacySettingsSave0.LegacyColorTheme,1,1,0,0,5,0,0,0,-1.0,0,1,C:\Users\19727\csci3130\assignment-3\SlimTrade\src\main\java\com\slimtrade\core\saving\legacy\savefiles\LegacySettingsSave0.java,134
assignment-3,com.slimtrade.core.saving.legacy.savefiles,LegacySettingsSave0.LegacyDateFormat,1,1,0,0,5,0,0,0,-1.0,0,1,C:\Users\19727\csci3130\assignment-3\SlimTrade\src\main\java\com\slimtrade\core\saving\legacy\savefiles\LegacySettingsSave0.java,148
assignment-3,com.slimtrade.core.saving.legacy.savefiles,LegacySettingsSave0.LegacyHistoryOrder,1,1,0,0,5,0,0,0,-1.0,0,1,C:\Users\19727\csci3130\assignment-3\SlimTrade\src\main\java\com\slimtrade\core\saving\legacy\savefiles\LegacySettingsSave0.java,163
assignment-3,com.slimtrade.core.saving.legacy.savefiles,LegacySettingsSave0.LegacyIgnoreData,3,3,0,0,8,0,0,0,-1.0,0,0,C:\Users\19727\csci3130\assignment-3\SlimTrade\src\main\java\com\slimtrade\core\saving\legacy\savefiles\LegacySettingsSave0.java,175
assignment-3,com.slimtrade.core.saving.legacy.savefiles,LegacySettingsSave0.LegacyMatchType,1,1,0,0,5,0,0,0,-1.0,0,1,C:\Users\19727\csci3130\assignment-3\SlimTrade\src\main\java\com\slimtrade\core\saving\legacy\savefiles\LegacySettingsSave0.java,185
assignment-3,com.slimtrade.core.saving.legacy.savefiles,LegacySettingsSave0.LegacyMacroButton,6,6,0,0,13,0,0,0,-1.0,0,2,C:\Users\19727\csci3130\assignment-3\SlimTrade\src\main\java\com\slimtrade\core\saving\legacy\savefiles\LegacySettingsSave0.java,197
assignment-3,com.slimtrade.core.saving.legacy.savefiles,LegacySettingsSave0.LegacyButtonRow,1,1,0,0,5,0,0,0,-1.0,0,1,C:\Users\19727\csci3130\assignment-3\SlimTrade\src\main\java\com\slimtrade\core\saving\legacy\savefiles\LegacySettingsSave0.java,212
assignment-3,com.slimtrade.core.saving.legacy.savefiles,LegacySettingsSave0.LegacySoundElement,2,2,0,0,11,0,0,0,-1.0,0,1,C:\Users\19727\csci3130\assignment-3\SlimTrade\src\main\java\com\slimtrade\core\saving\legacy\savefiles\LegacySettingsSave0.java,224
assignment-3,com.slimtrade.core.saving.legacy.savefiles,LegacySettingsSave0.LegacySound,1,0,0,0,8,0,0,0,-1.0,0,0,C:\Users\19727\csci3130\assignment-3\SlimTrade\src\main\java\com\slimtrade\core\saving\legacy\savefiles\LegacySettingsSave0.java,238
assignment-3,com.slimtrade.core.saving.legacy.savefiles,LegacySettingsSave0.LegacyStashSearchData,3,3,0,0,8,0,0,0,-1.0,0,0,C:\Users\19727\csci3130\assignment-3\SlimTrade\src\main\java\com\slimtrade\core\saving\legacy\savefiles\LegacySettingsSave0.java,258
assignment-3,com.slimtrade.core.saving.legacy.savefiles,LegacySettingsSave0.LegacyStashTabData,3,3,0,0,8,0,0,0,-1.0,0,2,C:\Users\19727\csci3130\assignment-3\SlimTrade\src\main\java\com\slimtrade\core\saving\legacy\savefiles\LegacySettingsSave0.java,269
assignment-3,com.slimtrade.core.saving.legacy.savefiles,LegacySettingsSave0.LegacyStashTabColor,0,0,0,0,1,0,0,0,-1.0,0,0,C:\Users\19727\csci3130\assignment-3\SlimTrade\src\main\java\com\slimtrade\core\saving\legacy\savefiles\LegacySettingsSave0.java,279
assignment-3,com.slimtrade.core.saving.legacy.savefiles,LegacyStashSave0,4,4,1,1,6,1,0,1,0.0,1,0,C:\Users\19727\csci3130\assignment-3\SlimTrade\src\main\java\com\slimtrade\core\saving\legacy\savefiles\LegacyStashSave0.java,5
assignment-3,com.slimtrade.core.saving.savefiles,AbstractSaveFile,1,1,1,1,14,1,13,0,0.0,0,0,C:\Users\19727\csci3130\assignment-3\SlimTrade\src\main\java\com\slimtrade\core\saving\savefiles\AbstractSaveFile.java,3
assignment-3,com.slimtrade.core.saving.savefiles,AppStateSaveFile,1,1,1,1,9,1,0,1,0.0,0,0,C:\Users\19727\csci3130\assignment-3\SlimTrade\src\main\java\com\slimtrade\core\saving\savefiles\AppStateSaveFile.java,3
assignment-3,com.slimtrade.core.saving.savefiles,ChatScannerSaveFile,3,3,1,1,8,1,0,1,0.0,0,0,C:\Users\19727\csci3130\assignment-3\SlimTrade\src\main\java\com\slimtrade\core\saving\savefiles\ChatScannerSaveFile.java,7
assignment-3,com.slimtrade.core.saving.savefiles,IgnoreSaveFile,3,3,2,2,21,5,0,1,1.0,0,1,C:\Users\19727\csci3130\assignment-3\SlimTrade\src\main\java\com\slimtrade\core\saving\savefiles\IgnoreSaveFile.java,9
assignment-3,com.slimtrade.core.saving.savefiles,OverlaySaveFile,5,5,1,1,13,1,0,1,0.0,1,4,C:\Users\19727\csci3130\assignment-3\SlimTrade\src\main\java\com\slimtrade\core\saving\savefiles\OverlaySaveFile.java,10
assignment-3,com.slimtrade.core.saving.savefiles,PatchNotesSaveFile,3,2,2,2,12,3,0,1,1.0,0,1,C:\Users\19727\csci3130\assignment-3\SlimTrade\src\main\java\com\slimtrade\core\saving\savefiles\PatchNotesSaveFile.java,8
assignment-3,com.slimtrade.core.saving.savefiles,PinSaveFile,4,4,1,1,9,1,0,1,0.0,0,1,C:\Users\19727\csci3130\assignment-3\SlimTrade\src\main\java\com\slimtrade\core\saving\savefiles\PinSaveFile.java,7
assignment-3,com.slimtrade.core.saving.savefiles,SettingsSaveFile,63,61,8,8,153,19,0,1,0.625,1,17,C:\Users\19727\csci3130\assignment-3\SlimTrade\src\main\java\com\slimtrade\core\saving\savefiles\SettingsSaveFile.java,23
assignment-3,com.slimtrade.core.saving.savefiles,StashSaveFile,3,1,4,4,23,5,0,1,0.5,0,0,C:\Users\19727\csci3130\assignment-3\SlimTrade\src\main\java\com\slimtrade\core\saving\savefiles\StashSaveFile.java,5
assignment-3,com.slimtrade.core.saving.savefiles,VersionSaveFile,0,0,1,1,5,1,0,1,-1.0,1,0,C:\Users\19727\csci3130\assignment-3\SlimTrade\src\main\java\com\slimtrade\core\saving\savefiles\VersionSaveFile.java,3
assignment-3,com.slimtrade.core.trading,LangRegex,12,12,0,0,42,0,0,0,-1.0,0,1,C:\Users\19727\csci3130\assignment-3\SlimTrade\src\main\java\com\slimtrade\core\trading\LangRegex.java,7
assignment-3,com.slimtrade.core.trading,TradeOffer,21,17,12,7,0,50,0,0,0.0,16,6,C:\Users\19727\csci3130\assignment-3\SlimTrade\src\main\java\com\slimtrade\core\trading\TradeOffer.java,15
assignment-3,com.slimtrade.core.trading,TradeOfferType,0,0,0,0,1,0,0,0,-1.0,11,0,C:\Users\19727\csci3130\assignment-3\SlimTrade\src\main\java\com\slimtrade\core\trading\TradeOfferType.java,3
assignment-3,com.slimtrade.core.utility,AdvancedMouseListener,1,0,5,5,19,6,0,0,0.0,0,0,C:\Users\19727\csci3130\assignment-3\SlimTrade\src\main\java\com\slimtrade\core\utility\AdvancedMouseListener.java,6
assignment-3,com.slimtrade.core.utility,AdvancedMouseListener.MouseHoverState,0,0,0,0,1,0,0,0,-1.0,0,0,C:\Users\19727\csci3130\assignment-3\SlimTrade\src\main\java\com\slimtrade\core\utility\AdvancedMouseListener.java,9
assignment-3,com.slimtrade.core.utility,GUIReferences,2,2,0,0,4,0,0,0,-1.0,7,0,C:\Users\19727\csci3130\assignment-3\SlimTrade\src\main\java\com\slimtrade\core\utility\GUIReferences.java,3
assignment-3,com.slimtrade.core.utility,MacroButton,8,8,3,3,28,5,0,0,0.6666666666666666,5,4,C:\Users\19727\csci3130\assignment-3\SlimTrade\src\main\java\com\slimtrade\core\utility\MacroButton.java,10
assignment-3,com.slimtrade.core.utility,MarkdownParser,6,0,6,1,77,15,0,0,0.0,1,0,C:\Users\19727\csci3130\assignment-3\SlimTrade\src\main\java\com\slimtrade\core\utility\MarkdownParser.java,6
assignment-3,com.slimtrade.core.utility,POEInterface,6,0,13,12,201,31,0,0,0.0,10,7,C:\Users\19727\csci3130\assignment-3\SlimTrade\src\main\java\com\slimtrade\core\utility\POEInterface.java,26
assignment-3,com.slimtrade.core.utility,SavableAsset,0,0,1,1,5,1,0,0,-1.0,0,0,C:\Users\19727\csci3130\assignment-3\SlimTrade\src\main\java\com\slimtrade\core\utility\SavableAsset.java,3
assignment-3,com.slimtrade.core.utility,SavableAsset.AssetType,0,0,0,0,1,0,0,0,-1.0,0,0,C:\Users\19727\csci3130\assignment-3\SlimTrade\src\main\java\com\slimtrade\core\utility\SavableAsset.java,5
assignment-3,com.slimtrade.core.utility,TradeUtil,2,1,18,18,164,37,0,0,0.9444444444444444,6,3,C:\Users\19727\csci3130\assignment-3\SlimTrade\src\main\java\com\slimtrade\core\utility\TradeUtil.java,16
assignment-3,com.slimtrade.core.utility,ZUtil,1,0,22,22,232,56,0,0,0.8181818181818182,59,3,C:\Users\19727\csci3130\assignment-3\SlimTrade\src\main\java\com\slimtrade\core\utility\ZUtil.java,25
assignment-3,com.slimtrade.gui.buttons,BasicIconButton,2,0,7,6,44,8,1,0,0.2857142857142857,0,1,C:\Users\19727\csci3130\assignment-3\SlimTrade\src\main\java\com\slimtrade\gui\buttons\BasicIconButton.java,9
assignment-3,com.slimtrade.gui.buttons,IconButton,0,0,3,2,14,3,0,1,-1.0,4,2,C:\Users\19727\csci3130\assignment-3\SlimTrade\src\main\java\com\slimtrade\gui\buttons\IconButton.java,7
assignment-3,com.slimtrade.gui.buttons,IIcon,0,0,1,0,3,1,3,0,-1.0,5,0,C:\Users\19727\csci3130\assignment-3\SlimTrade\src\main\java\com\slimtrade\gui\buttons\IIcon.java,3
assignment-3,com.slimtrade.gui.chatscanner,ChatScannerCustomizerPanel,8,0,10,9,65,10,0,0,0.2,1,5,C:\Users\19727\csci3130\assignment-3\SlimTrade\src\main\java\com\slimtrade\gui\chatscanner\ChatScannerCustomizerPanel.java,9
assignment-3,com.slimtrade.gui.chatscanner,ChatScannerDeletePanel,5,0,3,2,24,3,0,1,0.0,1,1,C:\Users\19727\csci3130\assignment-3\SlimTrade\src\main\java\com\slimtrade\gui\chatscanner\ChatScannerDeletePanel.java,9
assignment-3,com.slimtrade.gui.chatscanner,ChatScannerEntry,9,7,7,6,68,12,0,0,0.0,6,3,C:\Users\19727\csci3130\assignment-3\SlimTrade\src\main\java\com\slimtrade\gui\chatscanner\ChatScannerEntry.java,10
assignment-3,com.slimtrade.gui.chatscanner,ChatScannerInfoPanel,0,0,1,1,10,1,0,1,-1.0,1,0,C:\Users\19727\csci3130\assignment-3\SlimTrade\src\main\java\com\slimtrade\gui\chatscanner\ChatScannerInfoPanel.java,7
assignment-3,com.slimtrade.gui.chatscanner,ChatScannerMacroPanel,0,0,1,1,6,1,0,2,-1.0,1,1,C:\Users\19727\csci3130\assignment-3\SlimTrade\src\main\java\com\slimtrade\gui\chatscanner\ChatScannerMacroPanel.java,6
assignment-3,com.slimtrade.gui.chatscanner,ChatScannerNewEntryPanel,4,0,6,6,29,6,0,1,0.0,1,0,C:\Users\19727\csci3130\assignment-3\SlimTrade\src\main\java\com\slimtrade\gui\chatscanner\ChatScannerNewEntryPanel.java,9
assignment-3,com.slimtrade.gui.chatscanner,ChatScannerOptionPanel,0,0,1,1,5,1,0,1,-1.0,1,0,C:\Users\19727\csci3130\assignment-3\SlimTrade\src\main\java\com\slimtrade\gui\chatscanner\ChatScannerOptionPanel.java,5
assignment-3,com.slimtrade.gui.chatscanner,ChatScannerRenamePanel,6,0,5,4,37,6,0,1,0.0,1,2,C:\Users\19727\csci3130\assignment-3\SlimTrade\src\main\java\com\slimtrade\gui\chatscanner\ChatScannerRenamePanel.java,10
assignment-3,com.slimtrade.gui.chatscanner,ChatScannerSearchingPanel,0,0,1,1,17,1,0,0,-1.0,1,1,C:\Users\19727\csci3130\assignment-3\SlimTrade\src\main\java\com\slimtrade\gui\chatscanner\ChatScannerSearchingPanel.java,8
assignment-3,com.slimtrade.gui.chatscanner,ChatScannerWindow,22,1,19,13,260,47,0,2,0.10526315789473684,2,9,C:\Users\19727\csci3130\assignment-3\SlimTrade\src\main\java\com\slimtrade\gui\chatscanner\ChatScannerWindow.java,15
assignment-3,com.slimtrade.gui.chatscanner,ScannerSearchTermsPanel,4,0,5,5,27,5,0,1,0.0,1,0,C:\Users\19727\csci3130\assignment-3\SlimTrade\src\main\java\com\slimtrade\gui\chatscanner\ScannerSearchTermsPanel.java,7
assignment-3,com.slimtrade.gui.components,AddRemoveContainer,5,0,19,11,128,27,0,0,0.15789473684210525,10,1,C:\Users\19727\csci3130\assignment-3\SlimTrade\src\main\java\com\slimtrade\gui\components\AddRemoveContainer.java,12
assignment-3,com.slimtrade.gui.components,AddRemovePanel,1,1,4,4,23,4,5,0,0.0,0,1,C:\Users\19727\csci3130\assignment-3\SlimTrade\src\main\java\com\slimtrade\gui\components\AddRemovePanel.java,5
assignment-3,com.slimtrade.gui.components,AudioComboBox,0,0,1,1,5,1,0,0,-1.0,1,0,C:\Users\19727\csci3130\assignment-3\SlimTrade\src\main\java\com\slimtrade\gui\components\AudioComboBox.java,7
assignment-3,com.slimtrade.gui.components,AudioListCellRenderer,1,0,2,2,27,4,0,0,1.0,0,3,C:\Users\19727\csci3130\assignment-3\SlimTrade\src\main\java\com\slimtrade\gui\components\AudioListCellRenderer.java,10
assignment-3,com.slimtrade.gui.components,BasicIconLabel,2,0,5,4,28,7,1,0,0.4,1,2,C:\Users\19727\csci3130\assignment-3\SlimTrade\src\main\java\com\slimtrade\gui\components\BasicIconLabel.java,8
assignment-3,com.slimtrade.gui.components,BorderlessButton,0,0,2,2,9,2,0,1,-1.0,1,0,C:\Users\19727\csci3130\assignment-3\SlimTrade\src\main\java\com\slimtrade\gui\components\BorderlessButton.java,5
assignment-3,com.slimtrade.gui.components,ButtonPanel,2,0,7,6,31,7,0,0,0.42857142857142855,2,1,C:\Users\19727\csci3130\assignment-3\SlimTrade\src\main\java\com\slimtrade\gui\components\ButtonPanel.java,10
assignment-3,com.slimtrade.gui.components,ButtonWrapper,1,0,2,2,14,2,0,0,1.0,1,0,C:\Users\19727\csci3130\assignment-3\SlimTrade\src\main\java\com\slimtrade\gui\components\ButtonWrapper.java,6
assignment-3,com.slimtrade.gui.components,ClientFileChooser,1,1,1,1,8,1,0,0,0.0,1,0,C:\Users\19727\csci3130\assignment-3\SlimTrade\src\main\java\com\slimtrade\gui\components\ClientFileChooser.java,6
assignment-3,com.slimtrade.gui.components,ComponentPair,1,0,2,2,14,2,0,0,1.0,2,1,C:\Users\19727\csci3130\assignment-3\SlimTrade\src\main\java\com\slimtrade\gui\components\ComponentPair.java,8
assignment-3,com.slimtrade.gui.components,CurrencyLabelFactory,3,0,8,3,76,17,0,0,0.25,4,4,C:\Users\19727\csci3130\assignment-3\SlimTrade\src\main\java\com\slimtrade\gui\components\CurrencyLabelFactory.java,12
assignment-3,com.slimtrade.gui.components,CustomScrollPane,1,1,5,4,25,5,0,0,0.0,1,0,C:\Users\19727\csci3130\assignment-3\SlimTrade\src\main\java\com\slimtrade\gui\components\CustomScrollPane.java,6
assignment-3,com.slimtrade.gui.components,CustomTabbedPane,0,0,1,1,9,2,0,0,-1.0,1,0,C:\Users\19727\csci3130\assignment-3\SlimTrade\src\main\java\com\slimtrade\gui\components\CustomTabbedPane.java,6
assignment-3,com.slimtrade.gui.components,EditableRangeSpinner,0,0,2,1,11,2,0,1,-1.0,0,1,C:\Users\19727\csci3130\assignment-3\SlimTrade\src\main\java\com\slimtrade\gui\components\EditableRangeSpinner.java,8
assignment-3,com.slimtrade.gui.components,ErrorLabel,0,0,3,2,13,3,0,2,-1.0,0,1,C:\Users\19727\csci3130\assignment-3\SlimTrade\src\main\java\com\slimtrade\gui\components\ErrorLabel.java,6
assignment-3,com.slimtrade.gui.components,FontListCellRenderer,0,0,1,1,19,2,0,0,-1.0,0,1,C:\Users\19727\csci3130\assignment-3\SlimTrade\src\main\java\com\slimtrade\gui\components\FontListCellRenderer.java,8
assignment-3,com.slimtrade.gui.components,HotkeyButton,2,0,4,4,27,6,0,0,0.0,8,2,C:\Users\19727\csci3130\assignment-3\SlimTrade\src\main\java\com\slimtrade\gui\components\HotkeyButton.java,9
assignment-3,com.slimtrade.gui.components,IconLabel,0,0,3,2,14,3,0,1,-1.0,0,2,C:\Users\19727\csci3130\assignment-3\SlimTrade\src\main\java\com\slimtrade\gui\components\IconLabel.java,6
assignment-3,com.slimtrade.gui.components,ImageLabel,2,0,4,4,27,7,0,0,0.75,0,0,C:\Users\19727\csci3130\assignment-3\SlimTrade\src\main\java\com\slimtrade\gui\components\ImageLabel.java,7
assignment-3,com.slimtrade.gui.components,InsetBorder,5,0,7,7,39,7,0,0,0.42857142857142855,0,0,C:\Users\19727\csci3130\assignment-3\SlimTrade\src\main\java\com\slimtrade\gui\components\InsetBorder.java,7
assignment-3,com.slimtrade.gui.components,IVisibilityFrame,0,0,2,0,4,2,2,0,-1.0,0,0,C:\Users\19727\csci3130\assignment-3\SlimTrade\src\main\java\com\slimtrade\gui\components\IVisibilityFrame.java,3
assignment-3,com.slimtrade.gui.components,LabeledSlider,5,1,7,4,46,8,0,1,0.2857142857142857,1,5,C:\Users\19727\csci3130\assignment-3\SlimTrade\src\main\java\com\slimtrade\gui\components\LabeledSlider.java,12
assignment-3,com.slimtrade.gui.components,LanguageTextField,0,0,8,6,33,8,0,0,-1.0,0,0,C:\Users\19727\csci3130\assignment-3\SlimTrade\src\main\java\com\slimtrade\gui\components\LanguageTextField.java,9
assignment-3,com.slimtrade.gui.components,LimitCombo,0,0,1,1,6,1,1,0,-1.0,0,0,C:\Users\19727\csci3130\assignment-3\SlimTrade\src\main\java\com\slimtrade\gui\components\LimitCombo.java,5
assignment-3,com.slimtrade.gui.components,PlaceholderTextField,2,0,16,14,70,23,0,0,0.125,0,1,C:\Users\19727\csci3130\assignment-3\SlimTrade\src\main\java\com\slimtrade\gui\components\PlaceholderTextField.java,11
assignment-3,com.slimtrade.gui.components,PlaceholderTextField.Mode,0,0,0,0,1,0,0,0,-1.0,0,0,C:\Users\19727\csci3130\assignment-3\SlimTrade\src\main\java\com\slimtrade\gui\components\PlaceholderTextField.java,18
assignment-3,com.slimtrade.gui.components,RangeSlider,0,0,1,1,8,1,0,0,-1.0,1,1,C:\Users\19727\csci3130\assignment-3\SlimTrade\src\main\java\com\slimtrade\gui\components\RangeSlider.java,7
assignment-3,com.slimtrade.gui.components,RangeSpinner,0,0,2,2,20,2,1,0,-1.0,0,2,C:\Users\19727\csci3130\assignment-3\SlimTrade\src\main\java\com\slimtrade\gui\components\RangeSpinner.java,8
assignment-3,com.slimtrade.gui.components,StyledLabel,6,0,12,10,87,19,1,0,0.0,5,1,C:\Users\19727\csci3130\assignment-3\SlimTrade\src\main\java\com\slimtrade\gui\components\StyledLabel.java,9
assignment-3,com.slimtrade.gui.components,StyledLabel.ColorMode,0,0,0,0,1,0,0,0,-1.0,0,0,C:\Users\19727\csci3130\assignment-3\SlimTrade\src\main\java\com\slimtrade\gui\components\StyledLabel.java,17
assignment-3,com.slimtrade.gui.components,ThemedStyleLabel,0,0,5,4,32,5,1,1,-1.0,1,2,C:\Users\19727\csci3130\assignment-3\SlimTrade\src\main\java\com\slimtrade\gui\components\ThemedStyleLabel.java,8
assignment-3,com.slimtrade.gui.components,TutorialPanel,2,0,7,7,52,10,0,0,0.0,1,4,C:\Users\19727\csci3130\assignment-3\SlimTrade\src\main\java\com\slimtrade\gui\components\TutorialPanel.java,10
assignment-3,com.slimtrade.gui.components,Visibility,0,0,0,0,1,0,0,0,-1.0,2,0,C:\Users\19727\csci3130\assignment-3\SlimTrade\src\main\java\com\slimtrade\gui\components\Visibility.java,4
assignment-3,com.slimtrade.gui.history,DateString,3,1,2,2,18,4,0,0,0.0,1,2,C:\Users\19727\csci3130\assignment-3\SlimTrade\src\main\java\com\slimtrade\gui\history\DateString.java,9
assignment-3,com.slimtrade.gui.history,HistoryPanel,4,1,7,5,59,11,0,1,0.0,1,6,C:\Users\19727\csci3130\assignment-3\SlimTrade\src\main\java\com\slimtrade\gui\history\HistoryPanel.java,16
assignment-3,com.slimtrade.gui.history,HistoryRowData,6,6,1,1,19,1,0,0,0.0,2,6,C:\Users\19727\csci3130\assignment-3\SlimTrade\src\main\java\com\slimtrade\gui\history\HistoryRowData.java,7
assignment-3,com.slimtrade.gui.history,HistoryTable,1,0,2,2,25,4,0,0,0.0,1,1,C:\Users\19727\csci3130\assignment-3\SlimTrade\src\main\java\com\slimtrade\gui\history\HistoryTable.java,9
assignment-3,com.slimtrade.gui.history,HistoryTableModel,2,0,7,7,41,9,0,0,0.42857142857142855,1,3,C:\Users\19727\csci3130\assignment-3\SlimTrade\src\main\java\com\slimtrade\gui\history\HistoryTableModel.java,10
assignment-3,com.slimtrade.gui.history,PlayerNameCellRenderer,0,0,2,2,20,3,0,0,-1.0,0,2,C:\Users\19727\csci3130\assignment-3\SlimTrade\src\main\java\com\slimtrade\gui\history\PlayerNameCellRenderer.java,9
assignment-3,com.slimtrade.gui.history,PlayerNameWrapper,1,1,1,1,9,1,0,0,0.0,2,0,C:\Users\19727\csci3130\assignment-3\SlimTrade\src\main\java\com\slimtrade\gui\history\PlayerNameWrapper.java,3
assignment-3,com.slimtrade.gui.history,SaleItemCellRenderer,0,0,2,2,21,3,0,0,-1.0,0,1,C:\Users\19727\csci3130\assignment-3\SlimTrade\src\main\java\com\slimtrade\gui\history\SaleItemCellRenderer.java,10
assignment-3,com.slimtrade.gui.history,TimeString,3,1,2,2,18,4,0,0,0.0,1,2,C:\Users\19727\csci3130\assignment-3\SlimTrade\src\main\java\com\slimtrade\gui\history\TimeString.java,9
assignment-3,com.slimtrade.gui.listening,IColorBlindChangeListener,0,0,1,0,3,1,2,0,-1.0,1,0,C:\Users\19727\csci3130\assignment-3\SlimTrade\src\main\java\com\slimtrade\gui\listening\IColorBlindChangeListener.java,3
assignment-3,com.slimtrade.gui.listening,IDefaultSizeAndLocation,0,0,1,0,3,1,7,0,-1.0,0,0,C:\Users\19727\csci3130\assignment-3\SlimTrade\src\main\java\com\slimtrade\gui\listening\IDefaultSizeAndLocation.java,3
assignment-3,com.slimtrade.gui.listening,TextChangeListener,0,0,4,4,19,4,0,0,-1.0,0,0,C:\Users\19727\csci3130\assignment-3\SlimTrade\src\main\java\com\slimtrade\gui\listening\TextChangeListener.java,6
assignment-3,com.slimtrade.gui.managers,FrameManager,26,21,11,9,220,51,0,0,0.0,32,26,C:\Users\19727\csci3130\assignment-3\SlimTrade\src\main\java\com\slimtrade\gui\managers\FrameManager.java,29
assignment-3,com.slimtrade.gui.managers,HotkeyManager,1,0,3,2,55,13,0,0,0.0,3,9,C:\Users\19727\csci3130\assignment-3\SlimTrade\src\main\java\com\slimtrade\gui\managers\HotkeyManager.java,16
assignment-3,com.slimtrade.gui.managers,MessageManager,19,0,41,24,435,109,0,2,0.0,1,20,C:\Users\19727\csci3130\assignment-3\SlimTrade\src\main\java\com\slimtrade\gui\managers\MessageManager.java,33
assignment-3,com.slimtrade.gui.managers,SetupManager,1,0,1,1,23,7,0,0,0.0,2,3,C:\Users\19727\csci3130\assignment-3\SlimTrade\src\main\java\com\slimtrade\gui\managers\SetupManager.java,11
assignment-3,com.slimtrade.gui.managers,SystemTrayManager,6,0,4,3,49,5,0,0,0.0,2,4,C:\Users\19727\csci3130\assignment-3\SlimTrade\src\main\java\com\slimtrade\gui\managers\SystemTrayManager.java,11
assignment-3,com.slimtrade.gui.managers,VisibilityManager,2,0,5,5,38,10,0,0,0.0,4,3,C:\Users\19727\csci3130\assignment-3\SlimTrade\src\main\java\com\slimtrade\gui\managers\VisibilityManager.java,10
assignment-3,com.slimtrade.gui.menubar,MenubarButton,0,0,1,1,8,1,0,0,-1.0,1,0,C:\Users\19727\csci3130\assignment-3\SlimTrade\src\main\java\com\slimtrade\gui\menubar\MenubarButton.java,6
assignment-3,com.slimtrade.gui.menubar,MenubarButtonDialog,1,0,5,4,27,7,0,2,0.4,1,6,C:\Users\19727\csci3130\assignment-3\SlimTrade\src\main\java\com\slimtrade\gui\menubar\MenubarButtonDialog.java,17
assignment-3,com.slimtrade.gui.menubar,MenubarDialog,11,0,13,7,107,21,0,2,0.0,1,11,C:\Users\19727\csci3130\assignment-3\SlimTrade\src\main\java\com\slimtrade\gui\menubar\MenubarDialog.java,25
assignment-3,com.slimtrade.gui.messaging,ChatScannerMessagePanel,1,0,4,3,27,5,0,2,0.5,2,6,C:\Users\19727\csci3130\assignment-3\SlimTrade\src\main\java\com\slimtrade\gui\messaging\ChatScannerMessagePanel.java,13
assignment-3,com.slimtrade.gui.messaging,ExpandPanel,0,0,4,3,20,4,0,2,-1.0,1,1,C:\Users\19727\csci3130\assignment-3\SlimTrade\src\main\java\com\slimtrade\gui\messaging\ExpandPanel.java,7
assignment-3,com.slimtrade.gui.messaging,NotificationButton,2,1,3,3,18,3,0,1,0.0,2,0,C:\Users\19727\csci3130\assignment-3\SlimTrade\src\main\java\com\slimtrade\gui\messaging\NotificationButton.java,7
assignment-3,com.slimtrade.gui.messaging,NotificationIconButton,3,0,3,3,23,4,1,1,0.0,2,3,C:\Users\19727\csci3130\assignment-3\SlimTrade\src\main\java\com\slimtrade\gui\messaging\NotificationIconButton.java,9
assignment-3,com.slimtrade.gui.messaging,NotificationPanel,27,0,22,16,232,50,4,1,0.13636363636363635,3,15,C:\Users\19727\csci3130\assignment-3\SlimTrade\src\main\java\com\slimtrade\gui\messaging\NotificationPanel.java,26
assignment-3,com.slimtrade.gui.messaging,NotificationTextButton,0,0,2,2,15,3,0,1,-1.0,0,0,C:\Users\19727\csci3130\assignment-3\SlimTrade\src\main\java\com\slimtrade\gui\messaging\NotificationTextButton.java,8
assignment-3,com.slimtrade.gui.messaging,OverlayExamplePanel,4,0,6,5,40,9,0,0,0.5,1,3,C:\Users\19727\csci3130\assignment-3\SlimTrade\src\main\java\com\slimtrade\gui\messaging\OverlayExamplePanel.java,11
assignment-3,com.slimtrade.gui.messaging,PinButton,1,0,3,3,19,4,0,2,0.6666666666666666,1,1,C:\Users\19727\csci3130\assignment-3\SlimTrade\src\main\java\com\slimtrade\gui\messaging\PinButton.java,5
assignment-3,com.slimtrade.gui.messaging,TradeMessagePanel,3,0,10,7,112,35,0,2,0.3,2,9,C:\Users\19727\csci3130\assignment-3\SlimTrade\src\main\java\com\slimtrade\gui\messaging\TradeMessagePanel.java,19
assignment-3,com.slimtrade.gui.messaging,UpdateMessagePanel,0,0,2,1,12,2,0,2,-1.0,1,1,C:\Users\19727\csci3130\assignment-3\SlimTrade\src\main\java\com\slimtrade\gui\messaging\UpdateMessagePanel.java,5
assignment-3,com.slimtrade.gui.options,AbstractMacroOptionPanel,9,0,12,7,189,20,3,1,0.0,1,11,C:\Users\19727\csci3130\assignment-3\SlimTrade\src\main\java\com\slimtrade\gui\options\AbstractMacroOptionPanel.java,20
assignment-3,com.slimtrade.gui.options,AbstractOptionPanel,6,0,12,11,115,17,18,0,0.25,1,4,C:\Users\19727\csci3130\assignment-3\SlimTrade\src\main\java\com\slimtrade\gui\options\AbstractOptionPanel.java,12
assignment-3,com.slimtrade.gui.options,AudioOptionPanel,13,0,8,4,123,13,0,1,0.0,0,11,C:\Users\19727\csci3130\assignment-3\SlimTrade\src\main\java\com\slimtrade\gui\options\AudioOptionPanel.java,21
assignment-3,com.slimtrade.gui.options,CheatSheetsOptionPanel,6,0,7,3,88,17,0,1,0.0,0,7,C:\Users\19727\csci3130\assignment-3\SlimTrade\src\main\java\com\slimtrade\gui\options\CheatSheetsOptionPanel.java,19
assignment-3,com.slimtrade.gui.options,DebugOptionPanel,16,0,3,1,94,7,0,1,0.0,0,8,C:\Users\19727\csci3130\assignment-3\SlimTrade\src\main\java\com\slimtrade\gui\options\DebugOptionPanel.java,17
assignment-3,com.slimtrade.gui.options,DisplayOptionPanel,2,0,4,3,40,6,0,1,0.0,0,6,C:\Users\19727\csci3130\assignment-3\SlimTrade\src\main\java\com\slimtrade\gui\options\DisplayOptionPanel.java,14
assignment-3,com.slimtrade.gui.options,DisplayPreviewPanel,6,0,5,5,62,7,0,0,0.0,2,6,C:\Users\19727\csci3130\assignment-3\SlimTrade\src\main\java\com\slimtrade\gui\options\DisplayPreviewPanel.java,13
assignment-3,com.slimtrade.gui.options,DonationPanel,6,2,7,2,90,18,0,1,0.0,1,5,C:\Users\19727\csci3130\assignment-3\SlimTrade\src\main\java\com\slimtrade\gui\options\DonationPanel.java,17
assignment-3,com.slimtrade.gui.options,DonationPanel.Supporter,2,2,0,0,14,0,0,0,-1.0,0,1,C:\Users\19727\csci3130\assignment-3\SlimTrade\src\main\java\com\slimtrade\gui\options\DonationPanel.java,104
assignment-3,com.slimtrade.gui.options,GeneralOptionPanel,1,0,2,2,22,2,0,1,0.0,0,1,C:\Users\19727\csci3130\assignment-3\SlimTrade\src\main\java\com\slimtrade\gui\options\GeneralOptionPanel.java,5
assignment-3,com.slimtrade.gui.options,HeaderPanel,2,2,1,1,20,2,0,0,0.0,1,3,C:\Users\19727\csci3130\assignment-3\SlimTrade\src\main\java\com\slimtrade\gui\options\HeaderPanel.java,10
assignment-3,com.slimtrade.gui.options,HotkeyOptionPanel,19,1,5,4,109,7,0,1,0.0,2,4,C:\Users\19727\csci3130\assignment-3\SlimTrade\src\main\java\com\slimtrade\gui\options\HotkeyOptionPanel.java,12
assignment-3,com.slimtrade.gui.options,IgnoreItemOptionPanel,4,0,7,5,70,12,0,1,0.0,2,4,C:\Users\19727\csci3130\assignment-3\SlimTrade\src\main\java\com\slimtrade\gui\options\IgnoreItemOptionPanel.java,14
assignment-3,com.slimtrade.gui.options,IncomingMacroPanel,0,0,3,3,15,5,0,2,-1.0,1,2,C:\Users\19727\csci3130\assignment-3\SlimTrade\src\main\java\com\slimtrade\gui\options\IncomingMacroPanel.java,8
assignment-3,com.slimtrade.gui.options,InformationOptionPanel,9,0,3,1,72,3,0,1,0.0,0,4,C:\Users\19727\csci3130\assignment-3\SlimTrade\src\main\java\com\slimtrade\gui\options\InformationOptionPanel.java,11
assignment-3,com.slimtrade.gui.options,MacroCustomizerPanel,14,0,5,4,114,12,0,1,0.0,1,7,C:\Users\19727\csci3130\assignment-3\SlimTrade\src\main\java\com\slimtrade\gui\options\MacroCustomizerPanel.java,17
assignment-3,com.slimtrade.gui.options,OutgoingMacroPanel,0,0,3,3,15,5,0,2,-1.0,1,2,C:\Users\19727\csci3130\assignment-3\SlimTrade\src\main\java\com\slimtrade\gui\options\OutgoingMacroPanel.java,8
assignment-3,com.slimtrade.gui.options,TradeColorPreviewPanel,3,0,5,5,30,5,0,1,0.0,1,3,C:\Users\19727\csci3130\assignment-3\SlimTrade\src\main\java\com\slimtrade\gui\options\TradeColorPreviewPanel.java,13
assignment-3,com.slimtrade.gui.options.audio,AudioRowControls,2,2,3,3,17,3,0,0,0.0,1,2,C:\Users\19727\csci3130\assignment-3\SlimTrade\src\main\java\com\slimtrade\gui\options\audio\AudioRowControls.java,9
assignment-3,com.slimtrade.gui.options.audio,AudioThresholdPanel,2,0,5,4,43,9,0,1,0.0,1,4,C:\Users\19727\csci3130\assignment-3\SlimTrade\src\main\java\com\slimtrade\gui\options\audio\AudioThresholdPanel.java,13
assignment-3,com.slimtrade.gui.options.audio,AudioThresholdRow,7,0,6,4,60,8,0,1,0.0,1,9,C:\Users\19727\csci3130\assignment-3\SlimTrade\src\main\java\com\slimtrade\gui\options\audio\AudioThresholdRow.java,18
assignment-3,com.slimtrade.gui.options.cheatsheets,CheatSheetComponentGroup,3,2,2,2,14,2,0,0,0.0,1,2,C:\Users\19727\csci3130\assignment-3\SlimTrade\src\main\java\com\slimtrade\gui\options\cheatsheets\CheatSheetComponentGroup.java,8
assignment-3,com.slimtrade.gui.options.general,BasicsPanel,6,0,5,3,35,5,0,1,0.0,1,5,C:\Users\19727\csci3130\assignment-3\SlimTrade\src\main\java\com\slimtrade\gui\options\general\BasicsPanel.java,14
assignment-3,com.slimtrade.gui.options.general,ClientPathPanel,3,0,5,4,45,10,0,1,0.0,0,3,C:\Users\19727\csci3130\assignment-3\SlimTrade\src\main\java\com\slimtrade\gui\options\general\ClientPathPanel.java,13
assignment-3,com.slimtrade.gui.options.general,DisplaySettingsPanel,5,0,6,3,82,8,0,1,0.0,1,6,C:\Users\19727\csci3130\assignment-3\SlimTrade\src\main\java\com\slimtrade\gui\options\general\DisplaySettingsPanel.java,16
assignment-3,com.slimtrade.gui.options.general,EnableFeaturesPanel,9,0,5,3,57,8,0,1,0.0,0,3,C:\Users\19727\csci3130\assignment-3\SlimTrade\src\main\java\com\slimtrade\gui\options\general\EnableFeaturesPanel.java,12
assignment-3,com.slimtrade.gui.options.general,HistoryOptionPanel,5,0,4,3,37,7,0,1,0.0,0,1,C:\Users\19727\csci3130\assignment-3\SlimTrade\src\main\java\com\slimtrade\gui\options\general\HistoryOptionPanel.java,13
assignment-3,com.slimtrade.gui.options.general,MessageSettingsPanel,12,0,9,3,118,9,0,1,0.2222222222222222,0,8,C:\Users\19727\csci3130\assignment-3\SlimTrade\src\main\java\com\slimtrade\gui\options\general\MessageSettingsPanel.java,19
assignment-3,com.slimtrade.gui.options.ignore,IgnoreInputPanel,4,0,5,5,50,6,0,0,0.0,2,3,C:\Users\19727\csci3130\assignment-3\SlimTrade\src\main\java\com\slimtrade\gui\options\ignore\IgnoreInputPanel.java,10
assignment-3,com.slimtrade.gui.options.ignore,IgnoreRowComponents,7,5,2,1,35,5,0,0,0.0,1,4,C:\Users\19727\csci3130\assignment-3\SlimTrade\src\main\java\com\slimtrade\gui\options\ignore\IgnoreRowComponents.java,11
assignment-3,com.slimtrade.gui.options.ignore,ItemIgnoreWindow,1,0,4,3,37,5,0,2,0.0,1,4,C:\Users\19727\csci3130\assignment-3\SlimTrade\src\main\java\com\slimtrade\gui\options\ignore\ItemIgnoreWindow.java,11
assignment-3,com.slimtrade.gui.options.searching,StashSearchGroupData,5,5,3,3,19,3,0,0,0.0,2,1,C:\Users\19727\csci3130\assignment-3\SlimTrade\src\main\java\com\slimtrade\gui\options\searching\StashSearchGroupData.java,7
assignment-3,com.slimtrade.gui.options.searching,StashSearchGroupPanel,14,0,12,8,127,18,0,1,0.0,0,7,C:\Users\19727\csci3130\assignment-3\SlimTrade\src\main\java\com\slimtrade\gui\options\searching\StashSearchGroupPanel.java,12
assignment-3,com.slimtrade.gui.options.searching,StashSearchOptionPanel,4,0,8,6,89,18,0,1,0.0,1,8,C:\Users\19727\csci3130\assignment-3\SlimTrade\src\main\java\com\slimtrade\gui\options\searching\StashSearchOptionPanel.java,15
assignment-3,com.slimtrade.gui.options.searching,StashSearchSettingsPanel,6,2,9,7,78,10,0,1,0.0,1,7,C:\Users\19727\csci3130\assignment-3\SlimTrade\src\main\java\com\slimtrade\gui\options\searching\StashSearchSettingsPanel.java,14
assignment-3,com.slimtrade.gui.options.searching,StashSearchTermData,3,3,1,1,10,1,0,0,0.0,2,0,C:\Users\19727\csci3130\assignment-3\SlimTrade\src\main\java\com\slimtrade\gui\options\searching\StashSearchTermData.java,3
assignment-3,com.slimtrade.gui.options.searching,StashSearchTermPanel,6,0,4,3,33,4,0,1,0.0,0,4,C:\Users\19727\csci3130\assignment-3\SlimTrade\src\main\java\com\slimtrade\gui\options\searching\StashSearchTermPanel.java,13
assignment-3,com.slimtrade.gui.options.searching,StashSearchWindow,2,0,13,9,137,25,0,2,0.46153846153846156,1,8,C:\Users\19727\csci3130\assignment-3\SlimTrade\src\main\java\com\slimtrade\gui\options\searching\StashSearchWindow.java,20
assignment-3,com.slimtrade.gui.options.searching,StashSearchWindowMode,1,0,0,0,8,0,0,0,-1.0,7,0,C:\Users\19727\csci3130\assignment-3\SlimTrade\src\main\java\com\slimtrade\gui\options\searching\StashSearchWindowMode.java,5
assignment-3,com.slimtrade.gui.options.stash,StashOptionPanel,3,0,4,3,43,6,0,1,0.0,0,4,C:\Users\19727\csci3130\assignment-3\SlimTrade\src\main\java\com\slimtrade\gui\options\stash\StashOptionPanel.java,13
assignment-3,com.slimtrade.gui.options.stash,StashRow,5,0,4,3,41,6,0,1,0.0,1,4,C:\Users\19727\csci3130\assignment-3\SlimTrade\src\main\java\com\slimtrade\gui\options\stash\StashRow.java,16
assignment-3,com.slimtrade.gui.options.stash,StashTabCellRenderer,2,0,3,3,26,5,0,0,0.6666666666666666,0,0,C:\Users\19727\csci3130\assignment-3\SlimTrade\src\main\java\com\slimtrade\gui\options\stash\StashTabCellRenderer.java,6
assignment-3,com.slimtrade.gui.options.stash,StashTabType,1,0,0,0,8,0,0,0,-1.0,4,0,C:\Users\19727\csci3130\assignment-3\SlimTrade\src\main\java\com\slimtrade\gui\options\stash\StashTabType.java,5
assignment-3,com.slimtrade.gui.overlays,AbstractOverlayFrame,2,0,8,8,45,12,2,2,0.375,0,4,C:\Users\19727\csci3130\assignment-3\SlimTrade\src\main\java\com\slimtrade\gui\overlays\AbstractOverlayFrame.java,14
assignment-3,com.slimtrade.gui.overlays,DummyMenubar,2,0,1,1,10,1,0,0,0.0,0,1,C:\Users\19727\csci3130\assignment-3\SlimTrade\src\main\java\com\slimtrade\gui\overlays\DummyMenubar.java,8
assignment-3,com.slimtrade.gui.overlays,MenubarOverlay,1,0,1,1,6,1,0,3,0.0,1,0,C:\Users\19727\csci3130\assignment-3\SlimTrade\src\main\java\com\slimtrade\gui\overlays\MenubarOverlay.java,3
assignment-3,com.slimtrade.gui.overlays,MessageOverlay,3,1,3,2,30,6,0,3,0.0,1,4,C:\Users\19727\csci3130\assignment-3\SlimTrade\src\main\java\com\slimtrade\gui\overlays\MessageOverlay.java,14
assignment-3,com.slimtrade.gui.overlays,OverlayInfoDialog,6,0,8,6,131,10,0,1,0.25,1,11,C:\Users\19727\csci3130\assignment-3\SlimTrade\src\main\java\com\slimtrade\gui\overlays\OverlayInfoDialog.java,24
assignment-3,com.slimtrade.gui.pinning,IPinnable,0,0,5,0,7,5,1,0,-1.0,1,0,C:\Users\19727\csci3130\assignment-3\SlimTrade\src\main\java\com\slimtrade\gui\pinning\IPinnable.java,5
assignment-3,com.slimtrade.gui.pinning,PinData,2,2,1,1,8,1,0,0,0.0,2,0,C:\Users\19727\csci3130\assignment-3\SlimTrade\src\main\java\com\slimtrade\gui\pinning\PinData.java,5
assignment-3,com.slimtrade.gui.pinning,PinManager,2,1,7,7,66,25,0,0,0.0,4,5,C:\Users\19727\csci3130\assignment-3\SlimTrade\src\main\java\com\slimtrade\gui\pinning\PinManager.java,10
assignment-3,com.slimtrade.gui.setup,AbstractSetupPanel,3,1,3,3,15,3,3,0,0.0,2,1,C:\Users\19727\csci3130\assignment-3\SlimTrade\src\main\java\com\slimtrade\gui\setup\AbstractSetupPanel.java,8
assignment-3,com.slimtrade.gui.setup,ClientSetupPanel,3,0,5,4,63,8,0,1,0.0,1,2,C:\Users\19727\csci3130\assignment-3\SlimTrade\src\main\java\com\slimtrade\gui\setup\ClientSetupPanel.java,11
assignment-3,com.slimtrade.gui.setup,FinishSetupPanel,0,0,1,1,12,1,0,0,-1.0,1,2,C:\Users\19727\csci3130\assignment-3\SlimTrade\src\main\java\com\slimtrade\gui\setup\FinishSetupPanel.java,8
assignment-3,com.slimtrade.gui.setup,SetupWindow,13,0,6,3,117,18,0,0,0.0,1,11,C:\Users\19727\csci3130\assignment-3\SlimTrade\src\main\java\com\slimtrade\gui\setup\SetupWindow.java,16
assignment-3,com.slimtrade.gui.setup,StartSetupPanel,0,0,1,1,10,1,0,0,-1.0,1,1,C:\Users\19727\csci3130\assignment-3\SlimTrade\src\main\java\com\slimtrade\gui\setup\StartSetupPanel.java,8
assignment-3,com.slimtrade.gui.setup,StashFolderSetupPanel,2,0,3,3,26,3,0,1,0.0,1,1,C:\Users\19727\csci3130\assignment-3\SlimTrade\src\main\java\com\slimtrade\gui\setup\StashFolderSetupPanel.java,8
assignment-3,com.slimtrade.gui.setup,StashSetupPanel,0,0,2,2,15,2,0,1,-1.0,1,4,C:\Users\19727\csci3130\assignment-3\SlimTrade\src\main\java\com\slimtrade\gui\setup\StashSetupPanel.java,11
assignment-3,com.slimtrade.gui.stash,GridPanel,2,0,3,3,34,7,0,0,0.0,1,1,C:\Users\19727\csci3130\assignment-3\SlimTrade\src\main\java\com\slimtrade\gui\stash\GridPanel.java,8
assignment-3,com.slimtrade.gui.stash,GridPanel.GridType,0,0,0,0,1,0,0,0,-1.0,0,0,C:\Users\19727\csci3130\assignment-3\SlimTrade\src\main\java\com\slimtrade\gui\stash\GridPanel.java,16
assignment-3,com.slimtrade.gui.stash,StashHelperBulkWrapper,1,0,4,4,36,7,0,0,0.5,1,5,C:\Users\19727\csci3130\assignment-3\SlimTrade\src\main\java\com\slimtrade\gui\stash\StashHelperBulkWrapper.java,12
assignment-3,com.slimtrade.gui.stash,StashHelperContainer,4,1,8,8,66,15,0,2,0.375,2,5,C:\Users\19727\csci3130\assignment-3\SlimTrade\src\main\java\com\slimtrade\gui\stash\StashHelperContainer.java,14
assignment-3,com.slimtrade.gui.stash,StashHelperPanel,5,0,11,8,109,29,0,1,0.0,3,10,C:\Users\19727\csci3130\assignment-3\SlimTrade\src\main\java\com\slimtrade\gui\stash\StashHelperPanel.java,20
assignment-3,com.slimtrade.gui.stash,StashHighlighterFrame,2,0,5,4,47,10,0,1,0.0,2,5,C:\Users\19727\csci3130\assignment-3\SlimTrade\src\main\java\com\slimtrade\gui\stash\StashHighlighterFrame.java,14
assignment-3,com.slimtrade.gui.windows,AbstractDialog,1,0,2,2,17,2,4,0,1.0,0,2,C:\Users\19727\csci3130\assignment-3\SlimTrade\src\main\java\com\slimtrade\gui\windows\AbstractDialog.java,9
assignment-3,com.slimtrade.gui.windows,AbstractMainWindow,0,0,1,1,5,1,0,2,-1.0,0,0,C:\Users\19727\csci3130\assignment-3\SlimTrade\src\main\java\com\slimtrade\gui\windows\AbstractMainWindow.java,3
assignment-3,com.slimtrade.gui.windows,AbstractMovableDialog,8,0,3,3,53,17,1,1,0.0,0,2,C:\Users\19727\csci3130\assignment-3\SlimTrade\src\main\java\com\slimtrade\gui\windows\AbstractMovableDialog.java,12
assignment-3,com.slimtrade.gui.windows,AbstractWindow,2,0,3,3,19,4,0,1,0.6666666666666666,0,2,C:\Users\19727\csci3130\assignment-3\SlimTrade\src\main\java\com\slimtrade\gui\windows\AbstractWindow.java,9
assignment-3,com.slimtrade.gui.windows,BasicDialog,2,0,12,11,56,12,4,1,0.16666666666666666,0,2,C:\Users\19727\csci3130\assignment-3\SlimTrade\src\main\java\com\slimtrade\gui\windows\BasicDialog.java,10
assignment-3,com.slimtrade.gui.windows,CheatSheetWindow,1,0,3,2,32,6,0,2,0.6666666666666666,2,2,C:\Users\19727\csci3130\assignment-3\SlimTrade\src\main\java\com\slimtrade\gui\windows\CheatSheetWindow.java,11
assignment-3,com.slimtrade.gui.windows,CustomDialog,23,0,35,29,312,85,10,1,0.17142857142857143,1,10,C:\Users\19727\csci3130\assignment-3\SlimTrade\src\main\java\com\slimtrade\gui\windows\CustomDialog.java,24
assignment-3,com.slimtrade.gui.windows,DebugWindow,0,0,1,1,26,2,0,0,-1.0,1,2,C:\Users\19727\csci3130\assignment-3\SlimTrade\src\main\java\com\slimtrade\gui\windows\DebugWindow.java,10
assignment-3,com.slimtrade.gui.windows,DummyWindow,2,2,1,1,10,1,0,0,0.0,2,1,C:\Users\19727\csci3130\assignment-3\SlimTrade\src\main\java\com\slimtrade\gui\windows\DummyWindow.java,8
assignment-3,com.slimtrade.gui.windows,HistoryWindow,2,0,8,6,51,11,0,2,0.375,1,2,C:\Users\19727\csci3130\assignment-3\SlimTrade\src\main\java\com\slimtrade\gui\windows\HistoryWindow.java,14
assignment-3,com.slimtrade.gui.windows,LoadingWindow,2,0,2,2,18,2,0,1,1.0,1,4,C:\Users\19727\csci3130\assignment-3\SlimTrade\src\main\java\com\slimtrade\gui\windows\LoadingWindow.java,12
assignment-3,com.slimtrade.gui.windows,OptionsWindow,12,0,11,8,138,15,0,2,0.18181818181818182,1,8,C:\Users\19727\csci3130\assignment-3\SlimTrade\src\main\java\com\slimtrade\gui\windows\OptionsWindow.java,16
assignment-3,com.slimtrade.gui.windows,OptionsWindow.OptionPanel,2,0,0,0,11,0,0,0,-1.0,0,0,C:\Users\19727\csci3130\assignment-3\SlimTrade\src\main\java\com\slimtrade\gui\windows\OptionsWindow.java,186
assignment-3,com.slimtrade.gui.windows,PatchNotesWindow,7,0,6,3,88,15,0,2,0.5,1,8,C:\Users\19727\csci3130\assignment-3\SlimTrade\src\main\java\com\slimtrade\gui\windows\PatchNotesWindow.java,19
assignment-3,com.slimtrade.gui.windows,StashGridWindow,6,0,9,5,103,11,0,2,0.0,1,7,C:\Users\19727\csci3130\assignment-3\SlimTrade\src\main\java\com\slimtrade\gui\windows\StashGridWindow.java,17
assignment-3,com.slimtrade.gui.windows,TestOverlayFrame,0,0,1,1,12,1,0,0,-1.0,0,0,C:\Users\19727\csci3130\assignment-3\SlimTrade\src\main\java\com\slimtrade\gui\windows\TestOverlayFrame.java,6
assignment-3,com.slimtrade.gui.windows,TutorialWindow,8,1,14,3,154,17,0,2,0.14285714285714285,2,4,C:\Users\19727\csci3130\assignment-3\SlimTrade\src\main\java\com\slimtrade\gui\windows\TutorialWindow.java,13
assignment-3,com.slimtrade.gui.windows,UpdateProgressWindow,5,0,7,7,58,9,0,1,0.5714285714285714,2,4,C:\Users\19727\csci3130\assignment-3\SlimTrade\src\main\java\com\slimtrade\gui\windows\UpdateProgressWindow.java,17
assignment-3,com.slimtrade.gui.windows,VisibilityDialog,1,0,4,4,19,4,3,0,0.5,1,1,C:\Users\19727\csci3130\assignment-3\SlimTrade\src\main\java\com\slimtrade\gui\windows\VisibilityDialog.java,7
assignment-3,com.slimtrade.modules.filetailing,FileTailer,6,0,6,5,62,10,0,0,0.0,2,2,C:\Users\19727\csci3130\assignment-3\SlimTrade\src\main\java\com\slimtrade\modules\filetailing\FileTailer.java,8
assignment-3,com.slimtrade.modules.filetailing,FileTailerListener,0,0,5,0,7,5,1,0,-1.0,1,1,C:\Users\19727\csci3130\assignment-3\SlimTrade\src\main\java\com\slimtrade\modules\filetailing\FileTailerListener.java,3
assignment-3,com.slimtrade.modules.listening,ListenManager,1,0,3,3,12,3,1,0,0.0,0,0,C:\Users\19727\csci3130\assignment-3\SlimTrade\src\main\java\com\slimtrade\modules\listening\ListenManager.java,5
assignment-3,com.slimtrade.modules.listening,ListenManagerPanel,1,0,3,3,12,3,0,0,0.0,0,0,C:\Users\19727\csci3130\assignment-3\SlimTrade\src\main\java\com\slimtrade\modules\listening\ListenManagerPanel.java,6
assignment-3,com.slimtrade.modules.saving,ISavable,0,0,2,0,4,2,20,0,-1.0,1,0,C:\Users\19727\csci3130\assignment-3\SlimTrade\src\main\java\com\slimtrade\modules\saving\ISavable.java,3
assignment-3,com.slimtrade.modules.saving,ISaveListener,0,0,1,0,3,1,6,0,-1.0,0,0,C:\Users\19727\csci3130\assignment-3\SlimTrade\src\main\java\com\slimtrade\modules\saving\ISaveListener.java,3
assignment-3,com.slimtrade.modules.saving,SaveFile,9,3,15,13,157,28,0,1,0.0,6,4,C:\Users\19727\csci3130\assignment-3\SlimTrade\src\main\java\com\slimtrade\modules\saving\SaveFile.java,21
assignment-3,com.slimtrade.modules.stopwatch,Stopwatch,2,0,3,3,17,3,0,0,0.0,2,0,C:\Users\19727\csci3130\assignment-3\SlimTrade\src\main\java\com\slimtrade\modules\stopwatch\Stopwatch.java,5
assignment-3,com.slimtrade.modules.theme.components,AdvancedButton,8,0,14,13,86,23,5,0,0.14285714285714285,3,0,C:\Users\19727\csci3130\assignment-3\SlimTrade\src\main\java\com\slimtrade\modules\theme\components\AdvancedButton.java,10
assignment-3,com.slimtrade.modules.theme.components,ColorCheckbox,0,0,1,1,9,1,0,0,-1.0,0,0,C:\Users\19727\csci3130\assignment-3\SlimTrade\src\main\java\com\slimtrade\modules\theme\components\ColorCheckbox.java,7
assignment-3,com.slimtrade.modules.theme.components,ColorCombo,0,0,1,1,14,2,0,1,-1.0,1,0,C:\Users\19727\csci3130\assignment-3\SlimTrade\src\main\java\com\slimtrade\modules\theme\components\ColorCombo.java,9
assignment-3,com.slimtrade.modules.theme.components,ColorPanel,2,0,6,5,41,13,1,0,0.5,1,0,C:\Users\19727\csci3130\assignment-3\SlimTrade\src\main\java\com\slimtrade\modules\theme\components\ColorPanel.java,6
assignment-3,com.slimtrade.modules.theme,IDetailedFontChangeListener,0,0,3,0,5,3,0,0,-1.0,0,0,C:\Users\19727\csci3130\assignment-3\SlimTrade\src\main\java\com\slimtrade\modules\theme\IDetailedFontChangeListener.java,4
assignment-3,com.slimtrade.modules.theme,IFontChangeListener,0,0,1,0,6,1,8,0,-1.0,1,0,C:\Users\19727\csci3130\assignment-3\SlimTrade\src\main\java\com\slimtrade\modules\theme\IFontChangeListener.java,3
assignment-3,com.slimtrade.modules.theme,IThemeListener,0,0,1,0,3,1,7,0,-1.0,1,0,C:\Users\19727\csci3130\assignment-3\SlimTrade\src\main\java\com\slimtrade\modules\theme\IThemeListener.java,3
assignment-3,com.slimtrade.modules.theme,Theme,2,1,0,0,18,0,0,0,-1.0,5,0,C:\Users\19727\csci3130\assignment-3\SlimTrade\src\main\java\com\slimtrade\modules\theme\Theme.java,9
assignment-3,com.slimtrade.modules.theme,ThemeColorVariant,12,12,0,0,80,0,0,0,-1.0,3,1,C:\Users\19727\csci3130\assignment-3\SlimTrade\src\main\java\com\slimtrade\modules\theme\ThemeColorVariant.java,9
assignment-3,com.slimtrade.modules.theme,ThemeColorVariantSetting,4,0,7,7,38,8,0,0,0.0,3,2,C:\Users\19727\csci3130\assignment-3\SlimTrade\src\main\java\com\slimtrade\modules\theme\ThemeColorVariantSetting.java,5
assignment-3,com.slimtrade.modules.theme,ThemeManager,19,4,40,33,328,95,0,0,0.2,33,8,C:\Users\19727\csci3130\assignment-3\SlimTrade\src\main\java\com\slimtrade\modules\theme\ThemeManager.java,27
assignment-3,com.slimtrade.modules.updater.data,AppInfo,4,4,1,1,12,1,0,0,0.0,5,1,C:\Users\19727\csci3130\assignment-3\SlimTrade\src\main\java\com\slimtrade\modules\updater\data\AppInfo.java,3
assignment-3,com.slimtrade.modules.updater.data,AppVersion,9,2,4,4,70,20,0,0,0.0,8,0,C:\Users\19727\csci3130\assignment-3\SlimTrade\src\main\java\com\slimtrade\modules\updater\data\AppVersion.java,6
assignment-3,com.slimtrade.modules.updater.data,ReleaseVersion,6,6,5,5,37,5,0,0,0.4,1,1,C:\Users\19727\csci3130\assignment-3\SlimTrade\src\main\java\com\slimtrade\modules\updater\data\ReleaseVersion.java,6
assignment-3,com.slimtrade.modules.updater,IUpdateProgressListener,0,0,3,0,8,3,1,0,-1.0,1,0,C:\Users\19727\csci3130\assignment-3\SlimTrade\src\main\java\com\slimtrade\modules\updater\IUpdateProgressListener.java,3
assignment-3,com.slimtrade.modules.updater,UpdateAction,1,0,0,0,8,0,0,0,-1.0,2,0,C:\Users\19727\csci3130\assignment-3\SlimTrade\src\main\java\com\slimtrade\modules\updater\UpdateAction.java,3
assignment-3,com.slimtrade.modules.updater,UpdateManager,18,1,21,14,362,61,0,0,0.09523809523809523,2,12,C:\Users\19727\csci3130\assignment-3\SlimTrade\src\main\java\com\slimtrade\modules\updater\UpdateManager.java,35
assignment-3,com.slimtrade.modules.updater,UpdateUtil,0,0,2,2,10,3,0,0,-1.0,2,0,C:\Users\19727\csci3130\assignment-3\SlimTrade\src\main\java\com\slimtrade\modules\updater\UpdateUtil.java,6
assignment-3,com.slimtrade.modules.updater,ZLogger,11,0,11,9,121,28,0,0,0.0,18,1,C:\Users\19727\csci3130\assignment-3\SlimTrade\src\main\java\com\slimtrade\modules\updater\ZLogger.java,13
assignment-3,(default package),AppTest,0,0,1,1,5,1,0,0,-1.0,0,0,C:\Users\19727\csci3130\assignment-3\SlimTrade\src\test\java\AppTest.java,5
assignment-3,(default package),ParserTest,5,0,6,5,67,10,0,1,0.3333333333333333,0,3,C:\Users\19727\csci3130\assignment-3\SlimTrade\src\test\java\ParserTest.java,13
assignment-3,(default package),ReleaseTest,0,0,2,2,27,3,0,0,-1.0,0,6,C:\Users\19727\csci3130\assignment-3\SlimTrade\src\test\java\ReleaseTest.java,11
